Caudalie corps gel douche the vigne 200ml nf;4487039;12
Caudalie vinoperfect creme mains a/taches 50ml nf;4886552;14,1
Caudalie vinosun spray haute protection ip50 150ml;4654430;34,4
Caudalie corps gel douche eau des vignes 200ml nf;4487021;12
Caudalie vinosun lait reparateur ap.soleil 400ml;4654463;32
Caudalie vinosun spray haute protection ip30 150ml;4654497;32
Caudalie gel douche the des vignes 400ml;4635017;20,2
Caudalie gel douche soleil vignes 200ml nf;4487047;12
Caudalie vinotherapist soin corps nour.200ml promo;4433355;15,7
Caudalie corps gel douche rose vigne 200ml nf;4487013;12
Caudalie eau fraiche eau des vignes 50ml;4492633;29
Caudalie huile soin nourrissante 50ml;4764809;23,2
Caudalie vinohydra creme sorbet hydratante 60ml;4798815;21,1
Caudalie vinohydra gelee hydratante 60ml;4798823;21,1
Caudalie vinosun creme haute protection ip30 50ml;4654414;28
Caudalie vinosun eau tres haute protect.ip50+150ml;4654455;34,4
Caudalie gel douche ange vignes 200ml;4827325;12
Caudalie shampooing soin douceur 200ml promo;4641080;9,3
Caudalie vinoperfect masque glycolique 75ml;4292371;26,7
Caudalie vinoperfect mousse micro-peeling ecl.50ml;4886339;13,9
Caudalie gel douche ange vignes 200ml promo;4827333;7,5
Caudalie resveratrol lift soin liftant regard 15ml;4717930;42,2
Caudalie vinoclean huile soin demaquillante 75ml;4638623;11,6
Caudalie vinofresh deodorant naturel stick 50g;4274932;14,9
Caudalie vinohydra creme hydratation intense 50ml;4798831;21,1
Caudalie vinoperfect mousse micro-peel.eclat 100ml;4798799;21,1
Caudalie vinoperfect soin eclairciss. regard 15ml;4667853;35,2
Caudalie vinopure gelee nettoyante&purifiante 75ml;4840112;11,6
Caudalie vinopure stop boutons salicylique 15ml;4667861;12,3
Caudalie demaq eau raisin 200ml;4263026;15,8
Caudalie eau fraiche rose de vigne 50ml nf;4492625;29
Caudalie huile soin soilel vignes 50ml;4668364;23,2
Caudalie trousse ete 2025 4 prod.;4885273;14,9
Caudalie vinoclean eau micellaire demaquil. 200ml;4256657;17,6
Caudalie vinocrush creme teintee 1 30ml;4751053;33,4
Caudalie vinohydra creme hydratation intense 60ml;4798849;21,1
Caudalie vinoperfect cr a/taches niacinamide 50ml;4886321;37,5
Caudalie vinoperfect essence glycolique conc.100ml;4667895;23,2
Caudalie vinopure gelee nettoyant purifiante 385ml;4667879;22,9
Caudalie vinopure gelee nettoyante purifiant 150ml;3961125;17,6
Caudalie eau fraiche fleur de vigne spray 50ml nf;4492591;29
Caudalie premier cru creme 50ml nf;4873691;93,3
Caudalie premier cru creme riche 50ml nf;4873717;93,3
Caudalie resveratrol lift creme nuit recharge 50ml;4717963;42,2
Caudalie resveratrol lift creme recharge 50ml;4717955;42,2
Caudalie resveratrol-lift fluide redensifiant 40ml;4827341;42,2
Caudalie vinoclean huile soin demaquillante 150ml;4256731;20,2
Caudalie vinoperfect creme nuit a/taches 50ml;4886370;37,5
Caudalie vinosculpt gommage crush.cabernet 250g nf;4634978;31,7
Caudalie vinosun creme haute protection ip50 50ml;4654406;29,6
Caudalie vinosun lait reparateur ap.soleil 200ml;4654471;21,6
Caudalie eau fraiche the des vignes 50ml nf;4492609;29
Caudalie eau parfum ange vignes 50ml;4667903;29
Caudalie gouttes solaires autobronzantes 15ml;4873766;20,9
Caudalie masque instant detox 75ml;4801189;25,7
Caudalie premier cru creme riche recharge 50ml nf;4873725;79,2
Caudalie resveratrol lift serum liftant ferm.30ml;4717989;55,4
Caudalie resveratrol-lift serum fermete rech. 30ml;4827358;44,9
Caudalie the vignes soin corps nourris.200ml promo;4433363;15,7
Caudalie vinoclean lait amande demaquillant 200ml;4256681;17,6
Caudalie vinoclean lotion tonique hydratante 100ml;4256707;11,6
Caudalie vinoclean lotion tonique hydratante 400ml;4256723;26,4
Caudalie vinocrush creme teintee 4 30ml;4751087;33,4
Caudalie vinocrush pdr bronzante longue tenue 8,5g;4751103;33,4
Caudalie vinohydra masque creme hydratant 75ml;4798856;25
Caudalie vinohydra serum hyaluronique 30ml;4798807;31,7
Caudalie vinopure lotion purifiante 200ml;3760220;17,6
Caudalie vinopure lotion purifiante 400ml;4355152;22,9
Caudalie vinosculpt baume corps lift fermete 250ml;4130779;31,7
Caudalie coffr.noel vinohydra cr hydra 2024 2 prod;4827416;21,1
Caudalie corps gel douche fleur vigne 200ml nf;4487062;12
Caudalie premier cru creme recharge 50ml nf;4873709;79,2
Caudalie premier cru serum 30ml nf;4873683;93,3
Caudalie the vignes soin corps nourris.400ml promo;4433389;18,9
Caudalie vinoclean eau micellaire demaquil. 400ml;4256665;26,4
Caudalie vinoclean lait amande demaquillant 400ml;4256699;26,4
Caudalie vinoclean mousse nett.fleur vigne 2x150ml;4314886;26,4
Caudalie vinocrush creme teintee 2 30ml;4751061;33,4
Caudalie vinocrush creme teintee 5 30ml;4751095;33,4
Caudalie vinosun fluide tres haute protection 40ml;4428355;24,8
Caudalie vinosun stick solaire spf50 15mg;4749495;25,6
Caudalie coffr.noel huile nouriss.2024 3prod promo;4827432;18,9
Caudalie coffr.serum vinoperfect&sol.2025 2prod nf;4873733;49,9
Caudalie coffret noel creme cachemire 2024 3 prod.;4827390;49,9
Caudalie coffret noel vinohydra serum 2024 3 prod.;4827382;31,7
Caudalie creme exfoliante desincrustante 75ml nf;4634986;23,2
Caudalie creme gommante douce 75ml;4256608;23,2
Caudalie eau beaute 100ml;4270807;40,5
Caudalie eau de beaute 30ml;4425849;16,7
Caudalie huile nuit detox 30ml;4801197;38
Caudalie premier cru creme yeux 15ml nf;4873675;51,9
Caudalie resveratrol lift cr tisane nuit 50ml;4717948;49,9
Caudalie resveratrol lift creme cachemire 50ml;4717971;49,9
Caudalie trousse ete vinosource hydra 4 prod.;4774642;23,8
Caudalie vinoclean lotion tonique hydratante 200ml;4256715;17,6
Caudalie vinoclean mousse nett. fleur vigne 150ml;4256632;17,6
Caudalie vinoclean mousse nett. fleur vigne 50ml;4256624;11,6
Caudalie vinocrush creme teintee 3 30ml;4751079;33,4
Caudalie vinoperfect cr a/taches niacin.rech 50ml;4886354;31,7
Caudalie vinoperfect creme nuit a/taches rech.50ml;4886362;31,7
Caudalie vinoperfect serum eclat a/taches 30ml;4292355;49,9
